build_id,gh_project_name,label,group
243885288,apache/commons-lang,0,apache/commons-lang
243885289,apache/commons-lang,0,apache/commons-lang
243436628,apache/commons-lang,1,apache/commons-lang
243436627,apache/commons-lang,1,apache/commons-lang
243215886,apache/commons-lang,1,apache/commons-lang
243200763,apache/commons-lang,1,apache/commons-lang
243121599,apache/commons-lang,1,apache/commons-lang
243121595,apache/commons-lang,1,apache/commons-lang
242552348,apache/commons-lang,1,apache/commons-lang
242552346,apache/commons-lang,1,apache/commons-lang
242314046,apache/commons-lang,1,apache/commons-lang
242314042,apache/commons-lang,1,apache/commons-lang
241730553,apache/commons-lang,0,apache/commons-lang
241730453,apache/commons-lang,0,apache/commons-lang
241730331,apache/commons-lang,1,apache/commons-lang
241730230,apache/commons-lang,1,apache/commons-lang
241616672,apache/commons-lang,1,apache/commons-lang
241616670,apache/commons-lang,1,apache/commons-lang
241067763,apache/commons-lang,1,apache/commons-lang
241067760,apache/commons-lang,1,apache/commons-lang
240506056,apache/commons-lang,0,apache/commons-lang
240506054,apache/commons-lang,0,apache/commons-lang
240505714,apache/commons-lang,1,apache/commons-lang
240505710,apache/commons-lang,1,apache/commons-lang
240323389,apache/commons-lang,1,apache/commons-lang
240323361,apache/commons-lang,1,apache/commons-lang
239981511,apache/commons-lang,1,apache/commons-lang
239981510,apache/commons-lang,1,apache/commons-lang
239924305,apache/commons-lang,1,apache/commons-lang
239924303,apache/commons-lang,1,apache/commons-lang
239458570,apache/commons-lang,1,apache/commons-lang
239458569,apache/commons-lang,1,apache/commons-lang
238347980,apache/commons-lang,1,apache/commons-lang
238347974,apache/commons-lang,1,apache/commons-lang
237687641,apache/commons-lang,0,apache/commons-lang
237686625,apache/commons-lang,0,apache/commons-lang
237533028,apache/commons-lang,1,apache/commons-lang
237532943,apache/commons-lang,1,apache/commons-lang
237212896,apache/commons-lang,1,apache/commons-lang
236459101,apache/commons-lang,1,apache/commons-lang
236131623,apache/commons-lang,1,apache/commons-lang
236091262,apache/commons-lang,1,apache/commons-lang
236091227,apache/commons-lang,1,apache/commons-lang
235727034,apache/commons-lang,0,apache/commons-lang
235726729,apache/commons-lang,0,apache/commons-lang
235722101,apache/commons-lang,0,apache/commons-lang
235722084,apache/commons-lang,0,apache/commons-lang
235524614,apache/commons-lang,0,apache/commons-lang
235473780,apache/commons-lang,0,apache/commons-lang
235473773,apache/commons-lang,0,apache/commons-lang
235457966,apache/commons-lang,0,apache/commons-lang
235328535,apache/commons-lang,0,apache/commons-lang
235319340,apache/commons-lang,0,apache/commons-lang
235319339,apache/commons-lang,0,apache/commons-lang
235319301,apache/commons-lang,0,apache/commons-lang
235319026,apache/commons-lang,0,apache/commons-lang
235319025,apache/commons-lang,0,apache/commons-lang
235292530,apache/commons-lang,0,apache/commons-lang
235250112,apache/commons-lang,0,apache/commons-lang
234860455,apache/commons-lang,0,apache/commons-lang
234860447,apache/commons-lang,0,apache/commons-lang
234750553,apache/commons-lang,0,apache/commons-lang
234744713,apache/commons-lang,0,apache/commons-lang
234631694,apache/commons-lang,0,apache/commons-lang
234523893,apache/commons-lang,0,apache/commons-lang
234307163,apache/commons-lang,0,apache/commons-lang
234278626,apache/commons-lang,0,apache/commons-lang
234278625,apache/commons-lang,0,apache/commons-lang
234037240,apache/commons-lang,0,apache/commons-lang
233798513,apache/commons-lang,0,apache/commons-lang
233516984,apache/commons-lang,0,apache/commons-lang
233462685,apache/commons-lang,0,apache/commons-lang
233454841,apache/commons-lang,0,apache/commons-lang
233019661,apache/commons-lang,0,apache/commons-lang
232491379,apache/commons-lang,0,apache/commons-lang
232491378,apache/commons-lang,0,apache/commons-lang
232388251,apache/commons-lang,0,apache/commons-lang
232370681,apache/commons-lang,0,apache/commons-lang
232370643,apache/commons-lang,0,apache/commons-lang
232370624,apache/commons-lang,0,apache/commons-lang
232369165,apache/commons-lang,0,apache/commons-lang
232368546,apache/commons-lang,0,apache/commons-lang
232190469,apache/commons-lang,0,apache/commons-lang
231640064,apache/commons-lang,0,apache/commons-lang
231640063,apache/commons-lang,0,apache/commons-lang
231554548,apache/commons-lang,0,apache/commons-lang
231101259,apache/commons-lang,0,apache/commons-lang
231101257,apache/commons-lang,0,apache/commons-lang
230580112,apache/commons-lang,0,apache/commons-lang
230376723,apache/commons-lang,0,apache/commons-lang
230376655,apache/commons-lang,0,apache/commons-lang
230376634,apache/commons-lang,0,apache/commons-lang
230376593,apache/commons-lang,0,apache/commons-lang
230376537,apache/commons-lang,0,apache/commons-lang
230376462,apache/commons-lang,0,apache/commons-lang
230070947,apache/commons-lang,0,apache/commons-lang
230070721,apache/commons-lang,0,apache/commons-lang
230041272,apache/commons-lang,0,apache/commons-lang
229358201,apache/commons-lang,0,apache/commons-lang
228949320,apache/commons-lang,0,apache/commons-lang
228928634,apache/commons-lang,0,apache/commons-lang
228653334,apache/commons-lang,0,apache/commons-lang
228606534,apache/commons-lang,1,apache/commons-lang
228119587,apache/commons-lang,1,apache/commons-lang
226837362,apache/commons-lang,1,apache/commons-lang
226596673,apache/commons-lang,1,apache/commons-lang
226027436,apache/commons-lang,0,apache/commons-lang
226026404,apache/commons-lang,0,apache/commons-lang
226026259,apache/commons-lang,1,apache/commons-lang
226023682,apache/commons-lang,1,apache/commons-lang
225857389,apache/commons-lang,1,apache/commons-lang
225856711,apache/commons-lang,1,apache/commons-lang
225783029,apache/commons-lang,1,apache/commons-lang
225780257,apache/commons-lang,1,apache/commons-lang
225354778,apache/commons-lang,1,apache/commons-lang
224115905,apache/commons-lang,1,apache/commons-lang
224115903,apache/commons-lang,1,apache/commons-lang
223415776,apache/commons-lang,0,apache/commons-lang
223415690,apache/commons-lang,0,apache/commons-lang
223414410,apache/commons-lang,0,apache/commons-lang
223414350,apache/commons-lang,0,apache/commons-lang
223414302,apache/commons-lang,0,apache/commons-lang
223414295,apache/commons-lang,0,apache/commons-lang
223414251,apache/commons-lang,0,apache/commons-lang
223414199,apache/commons-lang,0,apache/commons-lang
223260272,apache/commons-lang,0,apache/commons-lang
223260213,apache/commons-lang,0,apache/commons-lang
223258314,apache/commons-lang,0,apache/commons-lang
223258310,apache/commons-lang,1,apache/commons-lang
223003248,apache/commons-lang,1,apache/commons-lang
221443502,apache/commons-lang,0,apache/commons-lang
221442792,apache/commons-lang,0,apache/commons-lang
221442587,apache/commons-lang,0,apache/commons-lang
221442467,apache/commons-lang,0,apache/commons-lang
221441505,apache/commons-lang,1,apache/commons-lang
221433976,apache/commons-lang,1,apache/commons-lang
219146327,apache/commons-lang,1,apache/commons-lang
219001290,apache/commons-lang,1,apache/commons-lang
218941868,apache/commons-lang,0,apache/commons-lang
218941834,apache/commons-lang,1,apache/commons-lang
218934098,apache/commons-lang,1,apache/commons-lang
218738273,apache/commons-lang,1,apache/commons-lang
218627763,apache/commons-lang,1,apache/commons-lang
218394037,apache/commons-lang,1,apache/commons-lang
218063363,apache/commons-lang,1,apache/commons-lang
218063278,apache/commons-lang,1,apache/commons-lang
217751789,apache/commons-lang,1,apache/commons-lang
217751562,apache/commons-lang,1,apache/commons-lang
217731263,apache/commons-lang,0,apache/commons-lang
217731229,apache/commons-lang,0,apache/commons-lang
217731204,apache/commons-lang,0,apache/commons-lang
217731145,apache/commons-lang,0,apache/commons-lang
217731072,apache/commons-lang,0,apache/commons-lang
217730981,apache/commons-lang,0,apache/commons-lang
217730915,apache/commons-lang,0,apache/commons-lang
217714282,apache/commons-lang,1,apache/commons-lang
217708865,apache/commons-lang,1,apache/commons-lang
217626223,apache/commons-lang,1,apache/commons-lang
217062470,apache/commons-lang,1,apache/commons-lang
216718982,apache/commons-lang,1,apache/commons-lang
216336284,apache/commons-lang,1,apache/commons-lang
256561523,apache/commons-math,1,apache/commons-math
256460999,apache/commons-math,1,apache/commons-math
254618499,apache/commons-math,1,apache/commons-math
253699473,apache/commons-math,1,apache/commons-math
253585487,apache/commons-math,1,apache/commons-math
251642124,apache/commons-math,1,apache/commons-math
251636120,apache/commons-math,1,apache/commons-math
248403954,apache/commons-math,0,apache/commons-math
248400189,apache/commons-math,0,apache/commons-math
247006532,apache/commons-math,0,apache/commons-math
246777623,apache/commons-math,0,apache/commons-math
246762888,apache/commons-math,1,apache/commons-math
246762334,apache/commons-math,1,apache/commons-math
246683712,apache/commons-math,1,apache/commons-math
246367873,apache/commons-math,1,apache/commons-math
245985201,apache/commons-math,1,apache/commons-math
245985068,apache/commons-math,1,apache/commons-math
245323870,apache/commons-math,1,apache/commons-math
245277914,apache/commons-math,1,apache/commons-math
245275684,apache/commons-math,1,apache/commons-math
245000322,apache/commons-math,0,apache/commons-math
244998635,apache/commons-math,0,apache/commons-math
244912788,apache/commons-math,0,apache/commons-math
244761793,apache/commons-math,0,apache/commons-math
244719621,apache/commons-math,0,apache/commons-math
244719498,apache/commons-math,0,apache/commons-math
244573954,apache/commons-math,0,apache/commons-math
244494555,apache/commons-math,0,apache/commons-math
244489613,apache/commons-math,0,apache/commons-math
244488996,apache/commons-math,0,apache/commons-math
244362252,apache/commons-math,0,apache/commons-math
244126757,apache/commons-math,0,apache/commons-math
244019210,apache/commons-math,0,apache/commons-math
244014109,apache/commons-math,0,apache/commons-math
243963791,apache/commons-math,0,apache/commons-math
243960980,apache/commons-math,0,apache/commons-math
243813687,apache/commons-math,0,apache/commons-math
243809772,apache/commons-math,0,apache/commons-math
243791335,apache/commons-math,0,apache/commons-math
243313432,apache/commons-math,0,apache/commons-math
242678596,apache/commons-math,0,apache/commons-math
241730162,apache/commons-math,0,apache/commons-math
241310709,apache/commons-math,0,apache/commons-math
240925186,apache/commons-math,0,apache/commons-math
240923893,apache/commons-math,0,apache/commons-math
240849385,apache/commons-math,0,apache/commons-math
240814801,apache/commons-math,0,apache/commons-math
240681629,apache/commons-math,1,apache/commons-math
240431898,apache/commons-math,1,apache/commons-math
240002455,apache/commons-math,1,apache/commons-math
239981377,apache/commons-math,1,apache/commons-math
239973225,apache/commons-math,1,apache/commons-math
239740508,apache/commons-math,1,apache/commons-math
238471866,apache/commons-math,0,apache/commons-math
238442670,apache/commons-math,0,apache/commons-math
238416119,apache/commons-math,0,apache/commons-math
238400678,apache/commons-math,0,apache/commons-math
238353967,apache/commons-math,0,apache/commons-math
238157464,apache/commons-math,0,apache/commons-math
238058412,apache/commons-math,0,apache/commons-math
238048000,apache/commons-math,0,apache/commons-math
238032509,apache/commons-math,0,apache/commons-math
238023448,apache/commons-math,0,apache/commons-math
237386748,apache/commons-math,0,apache/commons-math
237302885,apache/commons-math,0,apache/commons-math
237115402,apache/commons-math,0,apache/commons-math
237111214,apache/commons-math,0,apache/commons-math
237105766,apache/commons-math,0,apache/commons-math
237099270,apache/commons-math,0,apache/commons-math
237069526,apache/commons-math,0,apache/commons-math
237068402,apache/commons-math,0,apache/commons-math
237066128,apache/commons-math,1,apache/commons-math
237065900,apache/commons-math,1,apache/commons-math
237023210,apache/commons-math,1,apache/commons-math
236417695,apache/commons-math,1,apache/commons-math
236402756,apache/commons-math,1,apache/commons-math
236138586,apache/commons-math,1,apache/commons-math
235941874,apache/commons-math,1,apache/commons-math
235893261,apache/commons-math,1,apache/commons-math
235631417,apache/commons-math,1,apache/commons-math
235399260,apache/commons-math,1,apache/commons-math
235379094,apache/commons-math,1,apache/commons-math
235286346,apache/commons-math,1,apache/commons-math
234898869,apache/commons-math,1,apache/commons-math
234779740,apache/commons-math,1,apache/commons-math
234777944,apache/commons-math,1,apache/commons-math
234763074,apache/commons-math,1,apache/commons-math
234762006,apache/commons-math,1,apache/commons-math
234322979,apache/commons-math,1,apache/commons-math
233231291,apache/commons-math,1,apache/commons-math
233124541,apache/commons-math,1,apache/commons-math
233042493,apache/commons-math,1,apache/commons-math
233017395,apache/commons-math,1,apache/commons-math
233002773,apache/commons-math,1,apache/commons-math
232673209,apache/commons-math,0,apache/commons-math
232407831,apache/commons-math,0,apache/commons-math
232391392,apache/commons-math,0,apache/commons-math
232391341,apache/commons-math,0,apache/commons-math
232391233,apache/commons-math,0,apache/commons-math
232372747,apache/commons-math,1,apache/commons-math
231878555,apache/commons-math,1,apache/commons-math
231874373,apache/commons-math,1,apache/commons-math
231874291,apache/commons-math,1,apache/commons-math
231874000,apache/commons-math,1,apache/commons-math
230859926,apache/commons-math,1,apache/commons-math
228901411,apache/commons-math,1,apache/commons-math
228468985,apache/commons-math,1,apache/commons-math
228394379,apache/commons-math,1,apache/commons-math
228090203,apache/commons-math,1,apache/commons-math
228065779,apache/commons-math,1,apache/commons-math
227644196,apache/commons-math,1,apache/commons-math
227628250,apache/commons-math,1,apache/commons-math
227623618,apache/commons-math,1,apache/commons-math
227457787,apache/commons-math,0,apache/commons-math
227370545,apache/commons-math,0,apache/commons-math
227365939,apache/commons-math,1,apache/commons-math
227352205,apache/commons-math,1,apache/commons-math
227192458,apache/commons-math,1,apache/commons-math
227191959,apache/commons-math,1,apache/commons-math
227191617,apache/commons-math,1,apache/commons-math
227189007,apache/commons-math,1,apache/commons-math
222860975,apache/commons-math,1,apache/commons-math
213427386,apache/commons-math,1,apache/commons-math
212464922,apache/commons-math,0,apache/commons-math
208172526,apache/commons-math,0,apache/commons-math
207283273,apache/commons-math,1,apache/commons-math
203071190,apache/commons-math,1,apache/commons-math
201758427,apache/commons-math,1,apache/commons-math
200489749,apache/commons-math,1,apache/commons-math
200489748,apache/commons-math,1,apache/commons-math
200489746,apache/commons-math,1,apache/commons-math
200489744,apache/commons-math,1,apache/commons-math
200489715,apache/commons-math,1,apache/commons-math
200507344,apache/commons-math,0,apache/commons-math
200507359,apache/commons-math,1,apache/commons-math
200507652,apache/commons-math,1,apache/commons-math
200507581,apache/commons-math,1,apache/commons-math
200507666,apache/commons-math,1,apache/commons-math
200507330,apache/commons-math,0,apache/commons-math
200507541,apache/commons-math,1,apache/commons-math
200507569,apache/commons-math,0,apache/commons-math
200507543,apache/commons-math,1,apache/commons-math
200507598,apache/commons-math,0,apache/commons-math
200507636,apache/commons-math,0,apache/commons-math
200507358,apache/commons-math,1,apache/commons-math
200507633,apache/commons-math,0,apache/commons-math
200507325,apache/commons-math,0,apache/commons-math
200507718,apache/commons-math,0,apache/commons-math
200507278,apache/commons-math,1,apache/commons-math
200507546,apache/commons-math,0,apache/commons-math
200507418,apache/commons-math,0,apache/commons-math
200507687,apache/commons-math,1,apache/commons-math
200507375,apache/commons-math,1,apache/commons-math
200507440,apache/commons-math,0,apache/commons-math
200507484,apache/commons-math,0,apache/commons-math
200507341,apache/commons-math,0,apache/commons-math
200507582,apache/commons-math,0,apache/commons-math
200507622,apache/commons-math,0,apache/commons-math
200507431,apache/commons-math,1,apache/commons-math
200507549,apache/commons-math,0,apache/commons-math
200507360,apache/commons-math,1,apache/commons-math
200507393,apache/commons-math,0,apache/commons-math
200507597,apache/commons-math,0,apache/commons-math
200507293,apache/commons-math,1,apache/commons-math
200507378,apache/commons-math,0,apache/commons-math
200507369,apache/commons-math,1,apache/commons-math
200507462,apache/commons-math,1,apache/commons-math
200507453,apache/commons-math,1,apache/commons-math
200507370,apache/commons-math,1,apache/commons-math
200507542,apache/commons-math,1,apache/commons-math
200507648,apache/commons-math,1,apache/commons-math
200507727,apache/commons-math,1,apache/commons-math
200507454,apache/commons-math,1,apache/commons-math
200507585,apache/commons-math,0,apache/commons-math
200507634,apache/commons-math,0,apache/commons-math
200507384,apache/commons-math,0,apache/commons-math
200507342,apache/commons-math,0,apache/commons-math
200507345,apache/commons-math,0,apache/commons-math
200507435,apache/commons-math,1,apache/commons-math
200507629,apache/commons-math,1,apache/commons-math
200507667,apache/commons-math,1,apache/commons-math
200507432,apache/commons-math,1,apache/commons-math
200507402,apache/commons-math,0,apache/commons-math
200507395,apache/commons-math,0,apache/commons-math
200507467,apache/commons-math,0,apache/commons-math
200507461,apache/commons-math,1,apache/commons-math
200507650,apache/commons-math,1,apache/commons-math
200507338,apache/commons-math,0,apache/commons-math
200507473,apache/commons-math,0,apache/commons-math
200507320,apache/commons-math,1,apache/commons-math
200507709,apache/commons-math,1,apache/commons-math
200507479,apache/commons-math,0,apache/commons-math
200507411,apache/commons-math,0,apache/commons-math
200507383,apache/commons-math,0,apache/commons-math
200507245,apache/commons-math,1,apache/commons-math
200507277,apache/commons-math,1,apache/commons-math
200507409,apache/commons-math,0,apache/commons-math
200507419,apache/commons-math,0,apache/commons-math
200507489,apache/commons-math,0,apache/commons-math
200507606,apache/commons-math,0,apache/commons-math
200507390,apache/commons-math,0,apache/commons-math
200507616,apache/commons-math,0,apache/commons-math
200507655,apache/commons-math,0,apache/commons-math
200507730,apache/commons-math,1,apache/commons-math
200507381,apache/commons-math,0,apache/commons-math
200507640,apache/commons-math,0,apache/commons-math
200507262,apache/commons-math,0,apache/commons-math
200507380,apache/commons-math,0,apache/commons-math
200507229,apache/commons-math,1,apache/commons-math
200507260,apache/commons-math,1,apache/commons-math
200507483,apache/commons-math,0,apache/commons-math
200507607,apache/commons-math,0,apache/commons-math
200507415,apache/commons-math,0,apache/commons-math
200507474,apache/commons-math,0,apache/commons-math
200507711,apache/commons-math,1,apache/commons-math
200507284,apache/commons-math,0,apache/commons-math
200507668,apache/commons-math,0,apache/commons-math
200507332,apache/commons-math,0,apache/commons-math
200507588,apache/commons-math,0,apache/commons-math
200507424,apache/commons-math,1,apache/commons-math
200507475,apache/commons-math,0,apache/commons-math
200507692,apache/commons-math,1,apache/commons-math
200507665,apache/commons-math,1,apache/commons-math
200507243,apache/commons-math,1,apache/commons-math
200507399,apache/commons-math,0,apache/commons-math
200507231,apache/commons-math,0,apache/commons-math
200507242,apache/commons-math,1,apache/commons-math
200507645,apache/commons-math,0,apache/commons-math
200507564,apache/commons-math,1,apache/commons-math
200507500,apache/commons-math,1,apache/commons-math
200507631,apache/commons-math,1,apache/commons-math
200507251,apache/commons-math,0,apache/commons-math
200507250,apache/commons-math,0,apache/commons-math
200507480,apache/commons-math,0,apache/commons-math
200507274,apache/commons-math,1,apache/commons-math
200507653,apache/commons-math,0,apache/commons-math
200507670,apache/commons-math,0,apache/commons-math
200507557,apache/commons-math,1,apache/commons-math
200507526,apache/commons-math,1,apache/commons-math
200507595,apache/commons-math,0,apache/commons-math
200507468,apache/commons-math,0,apache/commons-math
200507501,apache/commons-math,1,apache/commons-math
200507456,apache/commons-math,1,apache/commons-math
200507544,apache/commons-math,0,apache/commons-math
200507592,apache/commons-math,0,apache/commons-math
200507537,apache/commons-math,0,apache/commons-math
200507319,apache/commons-math,1,apache/commons-math
200507538,apache/commons-math,0,apache/commons-math
200507632,apache/commons-math,1,apache/commons-math
200507302,apache/commons-math,1,apache/commons-math
200507568,apache/commons-math,0,apache/commons-math
200507520,apache/commons-math,1,apache/commons-math
200507463,apache/commons-math,1,apache/commons-math
200507504,apache/commons-math,1,apache/commons-math
200507662,apache/commons-math,1,apache/commons-math
200507478,apache/commons-math,0,apache/commons-math
200507494,apache/commons-math,1,apache/commons-math
200507530,apache/commons-math,0,apache/commons-math
200507567,apache/commons-math,1,apache/commons-math
200507559,apache/commons-math,1,apache/commons-math
200507610,apache/commons-math,0,apache/commons-math
200507701,apache/commons-math,1,apache/commons-math
200507476,apache/commons-math,0,apache/commons-math
200507294,apache/commons-math,1,apache/commons-math
200507307,apache/commons-math,1,apache/commons-math
200507580,apache/commons-math,1,apache/commons-math
200507392,apache/commons-math,0,apache/commons-math
200507357,apache/commons-math,1,apache/commons-math
200507700,apache/commons-math,1,apache/commons-math
200507441,apache/commons-math,0,apache/commons-math
200507525,apache/commons-math,1,apache/commons-math
200507491,apache/commons-math,1,apache/commons-math
200507401,apache/commons-math,0,apache/commons-math
200507283,apache/commons-math,1,apache/commons-math
200507702,apache/commons-math,0,apache/commons-math
200507372,apache/commons-math,1,apache/commons-math
200507671,apache/commons-math,0,apache/commons-math
200507405,apache/commons-math,0,apache/commons-math
200507717,apache/commons-math,0,apache/commons-math
200507466,apache/commons-math,1,apache/commons-math
200507265,apache/commons-math,1,apache/commons-math
200507389,apache/commons-math,0,apache/commons-math
200507309,apache/commons-math,0,apache/commons-math
200507300,apache/commons-math,1,apache/commons-math
200507548,apache/commons-math,0,apache/commons-math
200507324,apache/commons-math,1,apache/commons-math
200507436,apache/commons-math,1,apache/commons-math
200507602,apache/commons-math,0,apache/commons-math
200507377,apache/commons-math,0,apache/commons-math
200507413,apache/commons-math,0,apache/commons-math
200507340,apache/commons-math,0,apache/commons-math
200507696,apache/commons-math,1,apache/commons-math
200507337,apache/commons-math,1,apache/commons-math
200507329,apache/commons-math,0,apache/commons-math
200507613,apache/commons-math,0,apache/commons-math
200507396,apache/commons-math,0,apache/commons-math
200507713,apache/commons-math,1,apache/commons-math
200507577,apache/commons-math,1,apache/commons-math
200507605,apache/commons-math,0,apache/commons-math
200507253,apache/commons-math,0,apache/commons-math
200507512,apache/commons-math,1,apache/commons-math
200507235,apache/commons-math,1,apache/commons-math
200507350,apache/commons-math,1,apache/commons-math
200507587,apache/commons-math,0,apache/commons-math
200507657,apache/commons-math,0,apache/commons-math
243781177,apache/commons-io,1,apache/commons-io
243781176,apache/commons-io,1,apache/commons-io
243011138,apache/commons-io,1,apache/commons-io
242873497,apache/commons-io,1,apache/commons-io
242189378,apache/commons-io,1,apache/commons-io
242189377,apache/commons-io,1,apache/commons-io
242189367,apache/commons-io,1,apache/commons-io
242189364,apache/commons-io,1,apache/commons-io
242165562,apache/commons-io,1,apache/commons-io
242164803,apache/commons-io,1,apache/commons-io
242163296,apache/commons-io,1,apache/commons-io
242162271,apache/commons-io,1,apache/commons-io
242161380,apache/commons-io,1,apache/commons-io
242161247,apache/commons-io,1,apache/commons-io
242161244,apache/commons-io,1,apache/commons-io
242161042,apache/commons-io,1,apache/commons-io
242161040,apache/commons-io,1,apache/commons-io
242160995,apache/commons-io,1,apache/commons-io
242160575,apache/commons-io,1,apache/commons-io
242160307,apache/commons-io,1,apache/commons-io
242159765,apache/commons-io,1,apache/commons-io
242159626,apache/commons-io,1,apache/commons-io
241719334,apache/commons-io,1,apache/commons-io
241717566,apache/commons-io,1,apache/commons-io
241072963,apache/commons-io,1,apache/commons-io
241072960,apache/commons-io,1,apache/commons-io
240888545,apache/commons-io,1,apache/commons-io
240803631,apache/commons-io,1,apache/commons-io
240803626,apache/commons-io,1,apache/commons-io
240464239,apache/commons-io,1,apache/commons-io
239602455,apache/commons-io,1,apache/commons-io
238589675,apache/commons-io,1,apache/commons-io
238589312,apache/commons-io,1,apache/commons-io
238556268,apache/commons-io,1,apache/commons-io
238504195,apache/commons-io,1,apache/commons-io
237995377,apache/commons-io,1,apache/commons-io
237969233,apache/commons-io,1,apache/commons-io
237969012,apache/commons-io,1,apache/commons-io
237432371,apache/commons-io,1,apache/commons-io
237136313,apache/commons-io,1,apache/commons-io
237051715,apache/commons-io,1,apache/commons-io
237042034,apache/commons-io,1,apache/commons-io
237035999,apache/commons-io,1,apache/commons-io
236988563,apache/commons-io,1,apache/commons-io
236921335,apache/commons-io,1,apache/commons-io
236240146,apache/commons-io,1,apache/commons-io
233672008,apache/commons-io,1,apache/commons-io
233661502,apache/commons-io,1,apache/commons-io
233637283,apache/commons-io,1,apache/commons-io
232555976,apache/commons-io,1,apache/commons-io
232549696,apache/commons-io,1,apache/commons-io
232517464,apache/commons-io,1,apache/commons-io
232517460,apache/commons-io,1,apache/commons-io
232405329,apache/commons-io,1,apache/commons-io
231418013,apache/commons-io,1,apache/commons-io
226597981,apache/commons-io,1,apache/commons-io
226597952,apache/commons-io,1,apache/commons-io
226596910,apache/commons-io,1,apache/commons-io
226572928,apache/commons-io,1,apache/commons-io
226537784,apache/commons-io,1,apache/commons-io
226027396,apache/commons-io,1,apache/commons-io
225872580,apache/commons-io,1,apache/commons-io
225872023,apache/commons-io,1,apache/commons-io
225835701,apache/commons-io,1,apache/commons-io
225760608,apache/commons-io,1,apache/commons-io
225757320,apache/commons-io,1,apache/commons-io
225757325,apache/commons-io,1,apache/commons-io
225757199,apache/commons-io,1,apache/commons-io
225757204,apache/commons-io,1,apache/commons-io
222655062,apache/commons-io,1,apache/commons-io
220991252,apache/commons-io,1,apache/commons-io
219979678,apache/commons-io,1,apache/commons-io
219213241,apache/commons-io,1,apache/commons-io
218731101,apache/commons-io,1,apache/commons-io
218509396,apache/commons-io,1,apache/commons-io
218003948,apache/commons-io,1,apache/commons-io
217646896,apache/commons-io,1,apache/commons-io
216587704,apache/commons-io,1,apache/commons-io
216572227,apache/commons-io,1,apache/commons-io
216571783,apache/commons-io,1,apache/commons-io
215114848,apache/commons-io,1,apache/commons-io
215010253,apache/commons-io,1,apache/commons-io
214903190,apache/commons-io,1,apache/commons-io
214903175,apache/commons-io,1,apache/commons-io
213429529,apache/commons-io,1,apache/commons-io
213399070,apache/commons-io,1,apache/commons-io
213287063,apache/commons-io,1,apache/commons-io
213195486,apache/commons-io,1,apache/commons-io
213059894,apache/commons-io,1,apache/commons-io
213033753,apache/commons-io,1,apache/commons-io
212802686,apache/commons-io,1,apache/commons-io
212719114,apache/commons-io,1,apache/commons-io
212696249,apache/commons-io,1,apache/commons-io
212642167,apache/commons-io,1,apache/commons-io
212633604,apache/commons-io,1,apache/commons-io
212205897,apache/commons-io,1,apache/commons-io
211795455,apache/commons-io,1,apache/commons-io
211269260,apache/commons-io,1,apache/commons-io
209955525,apache/commons-io,1,apache/commons-io
209193581,apache/commons-io,1,apache/commons-io
208916108,apache/commons-io,1,apache/commons-io
208587753,apache/commons-io,1,apache/commons-io
208320584,apache/commons-io,1,apache/commons-io
206879448,apache/commons-io,1,apache/commons-io
206879062,apache/commons-io,1,apache/commons-io
204796258,apache/commons-io,1,apache/commons-io
204795943,apache/commons-io,1,apache/commons-io
265351905,checkstyle/checkstyle,0,checkstyle/checkstyle
243788336,checkstyle/checkstyle,0,checkstyle/checkstyle
258950678,checkstyle/checkstyle,0,checkstyle/checkstyle
258963192,checkstyle/checkstyle,0,checkstyle/checkstyle
265352172,checkstyle/checkstyle,0,checkstyle/checkstyle
253277160,checkstyle/checkstyle,0,checkstyle/checkstyle
258969124,checkstyle/checkstyle,0,checkstyle/checkstyle
251289290,checkstyle/checkstyle,0,checkstyle/checkstyle
251900507,checkstyle/checkstyle,0,checkstyle/checkstyle
253013737,checkstyle/checkstyle,0,checkstyle/checkstyle
265350764,checkstyle/checkstyle,0,checkstyle/checkstyle
253278317,checkstyle/checkstyle,0,checkstyle/checkstyle
252908376,checkstyle/checkstyle,0,checkstyle/checkstyle
250880025,checkstyle/checkstyle,0,checkstyle/checkstyle
253013619,checkstyle/checkstyle,0,checkstyle/checkstyle
251070039,checkstyle/checkstyle,0,checkstyle/checkstyle
250834375,checkstyle/checkstyle,0,checkstyle/checkstyle
251332428,checkstyle/checkstyle,0,checkstyle/checkstyle
251732739,checkstyle/checkstyle,0,checkstyle/checkstyle
250842837,checkstyle/checkstyle,0,checkstyle/checkstyle
258965399,checkstyle/checkstyle,0,checkstyle/checkstyle
253013194,checkstyle/checkstyle,0,checkstyle/checkstyle
253278301,checkstyle/checkstyle,0,checkstyle/checkstyle
265351839,checkstyle/checkstyle,0,checkstyle/checkstyle
258950676,checkstyle/checkstyle,0,checkstyle/checkstyle
242193717,checkstyle/checkstyle,0,checkstyle/checkstyle
253276358,checkstyle/checkstyle,0,checkstyle/checkstyle
258950680,checkstyle/checkstyle,0,checkstyle/checkstyle
259509862,checkstyle/checkstyle,0,checkstyle/checkstyle
251086820,checkstyle/checkstyle,0,checkstyle/checkstyle
250851569,checkstyle/checkstyle,0,checkstyle/checkstyle
251835373,checkstyle/checkstyle,0,checkstyle/checkstyle
252872066,checkstyle/checkstyle,0,checkstyle/checkstyle
264897513,checkstyle/checkstyle,0,checkstyle/checkstyle
251298410,checkstyle/checkstyle,0,checkstyle/checkstyle
251052543,checkstyle/checkstyle,0,checkstyle/checkstyle
253012230,checkstyle/checkstyle,0,checkstyle/checkstyle
251284962,checkstyle/checkstyle,0,checkstyle/checkstyle
251886422,checkstyle/checkstyle,0,checkstyle/checkstyle
252902014,checkstyle/checkstyle,0,checkstyle/checkstyle
251733334,checkstyle/checkstyle,0,checkstyle/checkstyle
253278328,checkstyle/checkstyle,0,checkstyle/checkstyle
253012218,checkstyle/checkstyle,0,checkstyle/checkstyle
251287019,checkstyle/checkstyle,0,checkstyle/checkstyle
251896841,checkstyle/checkstyle,0,checkstyle/checkstyle
242032154,checkstyle/checkstyle,1,checkstyle/checkstyle
251287181,checkstyle/checkstyle,0,checkstyle/checkstyle
244214168,checkstyle/checkstyle,0,checkstyle/checkstyle
265352018,checkstyle/checkstyle,0,checkstyle/checkstyle
265352124,checkstyle/checkstyle,0,checkstyle/checkstyle
268712567,checkstyle/checkstyle,1,checkstyle/checkstyle
268705257,checkstyle/checkstyle,1,checkstyle/checkstyle
268705197,checkstyle/checkstyle,1,checkstyle/checkstyle
268703876,checkstyle/checkstyle,1,checkstyle/checkstyle
268703254,checkstyle/checkstyle,1,checkstyle/checkstyle
268698514,checkstyle/checkstyle,1,checkstyle/checkstyle
268698325,checkstyle/checkstyle,1,checkstyle/checkstyle
268692158,checkstyle/checkstyle,1,checkstyle/checkstyle
268692120,checkstyle/checkstyle,1,checkstyle/checkstyle
268687487,checkstyle/checkstyle,1,checkstyle/checkstyle
268687104,checkstyle/checkstyle,1,checkstyle/checkstyle
268681698,checkstyle/checkstyle,0,checkstyle/checkstyle
268681728,checkstyle/checkstyle,0,checkstyle/checkstyle
268680734,checkstyle/checkstyle,0,checkstyle/checkstyle
268678386,checkstyle/checkstyle,1,checkstyle/checkstyle
268674963,checkstyle/checkstyle,1,checkstyle/checkstyle
268673660,checkstyle/checkstyle,1,checkstyle/checkstyle
268673642,checkstyle/checkstyle,1,checkstyle/checkstyle
268673444,checkstyle/checkstyle,1,checkstyle/checkstyle
268673369,checkstyle/checkstyle,1,checkstyle/checkstyle
268664218,checkstyle/checkstyle,1,checkstyle/checkstyle
268663567,checkstyle/checkstyle,1,checkstyle/checkstyle
268652975,checkstyle/checkstyle,1,checkstyle/checkstyle
268652307,checkstyle/checkstyle,1,checkstyle/checkstyle
268652030,checkstyle/checkstyle,1,checkstyle/checkstyle
268651285,checkstyle/checkstyle,1,checkstyle/checkstyle
268646901,checkstyle/checkstyle,0,checkstyle/checkstyle
268645882,checkstyle/checkstyle,0,checkstyle/checkstyle
268641691,checkstyle/checkstyle,0,checkstyle/checkstyle
268641359,checkstyle/checkstyle,1,checkstyle/checkstyle
268640877,checkstyle/checkstyle,1,checkstyle/checkstyle
268639646,checkstyle/checkstyle,1,checkstyle/checkstyle
268637244,checkstyle/checkstyle,1,checkstyle/checkstyle
268637197,checkstyle/checkstyle,1,checkstyle/checkstyle
268637111,checkstyle/checkstyle,1,checkstyle/checkstyle
268634913,checkstyle/checkstyle,1,checkstyle/checkstyle
268624632,checkstyle/checkstyle,1,checkstyle/checkstyle
268592167,checkstyle/checkstyle,0,checkstyle/checkstyle
268589889,checkstyle/checkstyle,0,checkstyle/checkstyle
268589630,checkstyle/checkstyle,0,checkstyle/checkstyle
268589444,checkstyle/checkstyle,1,checkstyle/checkstyle
268589323,checkstyle/checkstyle,1,checkstyle/checkstyle
268588992,checkstyle/checkstyle,1,checkstyle/checkstyle
268588448,checkstyle/checkstyle,1,checkstyle/checkstyle
268587090,checkstyle/checkstyle,1,checkstyle/checkstyle
268587004,checkstyle/checkstyle,1,checkstyle/checkstyle
268578938,checkstyle/checkstyle,1,checkstyle/checkstyle
268575041,checkstyle/checkstyle,1,checkstyle/checkstyle
268574789,checkstyle/checkstyle,0,checkstyle/checkstyle
268574671,checkstyle/checkstyle,0,checkstyle/checkstyle
268574636,checkstyle/checkstyle,0,checkstyle/checkstyle
268574551,checkstyle/checkstyle,0,checkstyle/checkstyle
268574482,checkstyle/checkstyle,0,checkstyle/checkstyle
268574366,checkstyle/checkstyle,1,checkstyle/checkstyle
268574182,checkstyle/checkstyle,1,checkstyle/checkstyle
268574061,checkstyle/checkstyle,1,checkstyle/checkstyle
268573735,checkstyle/checkstyle,1,checkstyle/checkstyle
268573586,checkstyle/checkstyle,1,checkstyle/checkstyle
268573407,checkstyle/checkstyle,1,checkstyle/checkstyle
268573084,checkstyle/checkstyle,1,checkstyle/checkstyle
268572931,checkstyle/checkstyle,1,checkstyle/checkstyle
268572882,checkstyle/checkstyle,1,checkstyle/checkstyle
268571775,checkstyle/checkstyle,1,checkstyle/checkstyle
268570882,checkstyle/checkstyle,1,checkstyle/checkstyle
268570582,checkstyle/checkstyle,0,checkstyle/checkstyle
268570108,checkstyle/checkstyle,0,checkstyle/checkstyle
268570107,checkstyle/checkstyle,1,checkstyle/checkstyle
268570072,checkstyle/checkstyle,1,checkstyle/checkstyle
268569269,checkstyle/checkstyle,1,checkstyle/checkstyle
268569114,checkstyle/checkstyle,1,checkstyle/checkstyle
268569017,checkstyle/checkstyle,1,checkstyle/checkstyle
268568902,checkstyle/checkstyle,1,checkstyle/checkstyle
268564110,checkstyle/checkstyle,1,checkstyle/checkstyle
268557938,checkstyle/checkstyle,1,checkstyle/checkstyle
268556974,checkstyle/checkstyle,1,checkstyle/checkstyle
268554572,checkstyle/checkstyle,1,checkstyle/checkstyle
268554528,checkstyle/checkstyle,1,checkstyle/checkstyle
268547968,checkstyle/checkstyle,1,checkstyle/checkstyle
268547665,checkstyle/checkstyle,1,checkstyle/checkstyle
268547262,checkstyle/checkstyle,1,checkstyle/checkstyle
268547093,checkstyle/checkstyle,1,checkstyle/checkstyle
268546493,checkstyle/checkstyle,1,checkstyle/checkstyle
268544051,checkstyle/checkstyle,1,checkstyle/checkstyle
268543632,checkstyle/checkstyle,1,checkstyle/checkstyle
268534506,checkstyle/checkstyle,1,checkstyle/checkstyle
268533544,checkstyle/checkstyle,1,checkstyle/checkstyle
268533521,checkstyle/checkstyle,1,checkstyle/checkstyle
268533745,checkstyle/checkstyle,1,checkstyle/checkstyle
268533197,checkstyle/checkstyle,1,checkstyle/checkstyle
268532718,checkstyle/checkstyle,1,checkstyle/checkstyle
268511174,checkstyle/checkstyle,1,checkstyle/checkstyle
268493383,checkstyle/checkstyle,1,checkstyle/checkstyle
268488063,checkstyle/checkstyle,1,checkstyle/checkstyle
268476253,checkstyle/checkstyle,1,checkstyle/checkstyle
268476116,checkstyle/checkstyle,1,checkstyle/checkstyle
268475201,checkstyle/checkstyle,1,checkstyle/checkstyle
268474206,checkstyle/checkstyle,1,checkstyle/checkstyle
268468397,checkstyle/checkstyle,1,checkstyle/checkstyle
268467860,checkstyle/checkstyle,1,checkstyle/checkstyle
268467826,checkstyle/checkstyle,1,checkstyle/checkstyle
268467711,checkstyle/checkstyle,1,checkstyle/checkstyle
268457128,checkstyle/checkstyle,0,checkstyle/checkstyle
268456741,checkstyle/checkstyle,0,checkstyle/checkstyle
268456390,checkstyle/checkstyle,0,checkstyle/checkstyle
268456090,checkstyle/checkstyle,0,checkstyle/checkstyle
268452718,checkstyle/checkstyle,0,checkstyle/checkstyle
268451725,checkstyle/checkstyle,0,checkstyle/checkstyle
268451557,checkstyle/checkstyle,0,checkstyle/checkstyle
268450699,checkstyle/checkstyle,1,checkstyle/checkstyle
268450278,checkstyle/checkstyle,1,checkstyle/checkstyle
268449981,checkstyle/checkstyle,1,checkstyle/checkstyle
268449275,checkstyle/checkstyle,1,checkstyle/checkstyle
268448396,checkstyle/checkstyle,1,checkstyle/checkstyle
268440742,checkstyle/checkstyle,1,checkstyle/checkstyle
268439162,checkstyle/checkstyle,1,checkstyle/checkstyle
268438315,checkstyle/checkstyle,1,checkstyle/checkstyle
268436170,checkstyle/checkstyle,1,checkstyle/checkstyle
268436105,checkstyle/checkstyle,1,checkstyle/checkstyle
268435862,checkstyle/checkstyle,1,checkstyle/checkstyle
268435743,checkstyle/checkstyle,0,checkstyle/checkstyle
268435662,checkstyle/checkstyle,0,checkstyle/checkstyle
268435653,checkstyle/checkstyle,0,checkstyle/checkstyle
268435424,checkstyle/checkstyle,1,checkstyle/checkstyle
268433923,checkstyle/checkstyle,1,checkstyle/checkstyle
268433825,checkstyle/checkstyle,1,checkstyle/checkstyle
268433839,checkstyle/checkstyle,1,checkstyle/checkstyle
268433805,checkstyle/checkstyle,1,checkstyle/checkstyle
268433499,checkstyle/checkstyle,1,checkstyle/checkstyle
268430677,checkstyle/checkstyle,1,checkstyle/checkstyle
268425163,checkstyle/checkstyle,1,checkstyle/checkstyle
268421262,checkstyle/checkstyle,0,checkstyle/checkstyle
268420282,checkstyle/checkstyle,0,checkstyle/checkstyle
268420010,checkstyle/checkstyle,0,checkstyle/checkstyle
268419681,checkstyle/checkstyle,0,checkstyle/checkstyle
268419282,checkstyle/checkstyle,1,checkstyle/checkstyle
268418263,checkstyle/checkstyle,1,checkstyle/checkstyle
268417631,checkstyle/checkstyle,1,checkstyle/checkstyle
268417154,checkstyle/checkstyle,1,checkstyle/checkstyle
268417009,checkstyle/checkstyle,1,checkstyle/checkstyle
268414974,checkstyle/checkstyle,1,checkstyle/checkstyle
268410343,checkstyle/checkstyle,1,checkstyle/checkstyle
268404365,checkstyle/checkstyle,1,checkstyle/checkstyle
268403615,checkstyle/checkstyle,1,checkstyle/checkstyle
268376156,checkstyle/checkstyle,1,checkstyle/checkstyle
268371208,checkstyle/checkstyle,1,checkstyle/checkstyle
268369989,checkstyle/checkstyle,1,checkstyle/checkstyle
268355336,checkstyle/checkstyle,1,checkstyle/checkstyle
268355350,checkstyle/checkstyle,1,checkstyle/checkstyle
268355311,checkstyle/checkstyle,1,checkstyle/checkstyle
268350319,checkstyle/checkstyle,1,checkstyle/checkstyle
268342964,checkstyle/checkstyle,1,checkstyle/checkstyle
268333122,checkstyle/checkstyle,1,checkstyle/checkstyle
268329980,checkstyle/checkstyle,1,checkstyle/checkstyle
268327843,checkstyle/checkstyle,1,checkstyle/checkstyle
268327754,checkstyle/checkstyle,1,checkstyle/checkstyle
268327241,checkstyle/checkstyle,1,checkstyle/checkstyle
268311962,checkstyle/checkstyle,1,checkstyle/checkstyle
268306758,checkstyle/checkstyle,1,checkstyle/checkstyle
268306284,checkstyle/checkstyle,1,checkstyle/checkstyle
268305826,checkstyle/checkstyle,1,checkstyle/checkstyle
268305803,checkstyle/checkstyle,1,checkstyle/checkstyle
268295029,checkstyle/checkstyle,1,checkstyle/checkstyle
268285847,checkstyle/checkstyle,1,checkstyle/checkstyle
268270475,checkstyle/checkstyle,1,checkstyle/checkstyle
268266959,checkstyle/checkstyle,1,checkstyle/checkstyle
268257613,checkstyle/checkstyle,1,checkstyle/checkstyle
268256853,checkstyle/checkstyle,1,checkstyle/checkstyle
268256841,checkstyle/checkstyle,1,checkstyle/checkstyle
268256683,checkstyle/checkstyle,1,checkstyle/checkstyle
268256665,checkstyle/checkstyle,1,checkstyle/checkstyle
268254165,checkstyle/checkstyle,1,checkstyle/checkstyle
268253378,checkstyle/checkstyle,1,checkstyle/checkstyle
268253366,checkstyle/checkstyle,1,checkstyle/checkstyle
268244833,checkstyle/checkstyle,1,checkstyle/checkstyle
268241948,checkstyle/checkstyle,1,checkstyle/checkstyle
268228684,checkstyle/checkstyle,1,checkstyle/checkstyle
268213051,checkstyle/checkstyle,1,checkstyle/checkstyle
268202796,checkstyle/checkstyle,1,checkstyle/checkstyle
268202779,checkstyle/checkstyle,1,checkstyle/checkstyle
268201260,checkstyle/checkstyle,1,checkstyle/checkstyle
268194987,checkstyle/checkstyle,1,checkstyle/checkstyle
268188740,checkstyle/checkstyle,1,checkstyle/checkstyle
268185073,checkstyle/checkstyle,1,checkstyle/checkstyle
268184586,checkstyle/checkstyle,1,checkstyle/checkstyle
268184381,checkstyle/checkstyle,1,checkstyle/checkstyle
268183786,checkstyle/checkstyle,1,checkstyle/checkstyle
268183743,checkstyle/checkstyle,1,checkstyle/checkstyle
268175876,checkstyle/checkstyle,0,checkstyle/checkstyle
268175024,checkstyle/checkstyle,0,checkstyle/checkstyle
268175041,checkstyle/checkstyle,0,checkstyle/checkstyle
268174960,checkstyle/checkstyle,1,checkstyle/checkstyle
268174955,checkstyle/checkstyle,1,checkstyle/checkstyle
268174952,checkstyle/checkstyle,1,checkstyle/checkstyle
268174948,checkstyle/checkstyle,1,checkstyle/checkstyle
268174592,checkstyle/checkstyle,1,checkstyle/checkstyle
268174521,checkstyle/checkstyle,1,checkstyle/checkstyle
268173136,checkstyle/checkstyle,1,checkstyle/checkstyle
268171487,checkstyle/checkstyle,1,checkstyle/checkstyle
268170915,checkstyle/checkstyle,1,checkstyle/checkstyle
268170914,checkstyle/checkstyle,1,checkstyle/checkstyle
268170819,checkstyle/checkstyle,1,checkstyle/checkstyle
268169956,checkstyle/checkstyle,1,checkstyle/checkstyle
268164114,checkstyle/checkstyle,1,checkstyle/checkstyle
268163696,checkstyle/checkstyle,1,checkstyle/checkstyle
268162726,checkstyle/checkstyle,1,checkstyle/checkstyle
268162690,checkstyle/checkstyle,1,checkstyle/checkstyle
268161800,checkstyle/checkstyle,1,checkstyle/checkstyle
268139834,checkstyle/checkstyle,1,checkstyle/checkstyle
268137647,checkstyle/checkstyle,1,checkstyle/checkstyle
268136768,checkstyle/checkstyle,1,checkstyle/checkstyle
268133870,checkstyle/checkstyle,1,checkstyle/checkstyle
268125009,checkstyle/checkstyle,1,checkstyle/checkstyle
268124930,checkstyle/checkstyle,1,checkstyle/checkstyle
268119706,checkstyle/checkstyle,1,checkstyle/checkstyle
268107125,checkstyle/checkstyle,1,checkstyle/checkstyle
268106804,checkstyle/checkstyle,1,checkstyle/checkstyle
268099868,checkstyle/checkstyle,1,checkstyle/checkstyle
268098730,checkstyle/checkstyle,1,checkstyle/checkstyle
268088097,checkstyle/checkstyle,1,checkstyle/checkstyle
268087241,checkstyle/checkstyle,1,checkstyle/checkstyle
268084748,checkstyle/checkstyle,1,checkstyle/checkstyle
268084664,checkstyle/checkstyle,1,checkstyle/checkstyle
268084096,checkstyle/checkstyle,1,checkstyle/checkstyle
268081489,checkstyle/checkstyle,1,checkstyle/checkstyle
268081495,checkstyle/checkstyle,1,checkstyle/checkstyle
268081419,checkstyle/checkstyle,1,checkstyle/checkstyle
268081362,checkstyle/checkstyle,1,checkstyle/checkstyle
268081343,checkstyle/checkstyle,1,checkstyle/checkstyle
268081260,checkstyle/checkstyle,1,checkstyle/checkstyle
268081152,checkstyle/checkstyle,1,checkstyle/checkstyle
268080501,checkstyle/checkstyle,1,checkstyle/checkstyle
268080282,checkstyle/checkstyle,1,checkstyle/checkstyle
268080215,checkstyle/checkstyle,1,checkstyle/checkstyle
268079835,checkstyle/checkstyle,1,checkstyle/checkstyle
268079829,checkstyle/checkstyle,1,checkstyle/checkstyle
268079643,checkstyle/checkstyle,1,checkstyle/checkstyle
268078231,checkstyle/checkstyle,1,checkstyle/checkstyle
268078154,checkstyle/checkstyle,1,checkstyle/checkstyle
268077769,checkstyle/checkstyle,0,checkstyle/checkstyle
268077437,checkstyle/checkstyle,1,checkstyle/checkstyle
268077390,checkstyle/checkstyle,1,checkstyle/checkstyle
268077020,checkstyle/checkstyle,1,checkstyle/checkstyle
268076998,checkstyle/checkstyle,1,checkstyle/checkstyle
268076992,checkstyle/checkstyle,1,checkstyle/checkstyle
268076989,checkstyle/checkstyle,1,checkstyle/checkstyle
268072996,checkstyle/checkstyle,1,checkstyle/checkstyle
268072967,checkstyle/checkstyle,1,checkstyle/checkstyle
268072786,checkstyle/checkstyle,1,checkstyle/checkstyle
268070054,checkstyle/checkstyle,1,checkstyle/checkstyle
268069836,checkstyle/checkstyle,1,checkstyle/checkstyle
268069353,checkstyle/checkstyle,1,checkstyle/checkstyle
268067356,checkstyle/checkstyle,1,checkstyle/checkstyle
268061781,checkstyle/checkstyle,1,checkstyle/checkstyle
268054982,checkstyle/checkstyle,1,checkstyle/checkstyle
268054466,checkstyle/checkstyle,1,checkstyle/checkstyle
268048442,checkstyle/checkstyle,1,checkstyle/checkstyle
268044376,checkstyle/checkstyle,1,checkstyle/checkstyle
268034822,checkstyle/checkstyle,1,checkstyle/checkstyle
268027798,checkstyle/checkstyle,1,checkstyle/checkstyle
268023199,checkstyle/checkstyle,1,checkstyle/checkstyle
268023182,checkstyle/checkstyle,1,checkstyle/checkstyle
268023143,checkstyle/checkstyle,1,checkstyle/checkstyle
268021642,checkstyle/checkstyle,1,checkstyle/checkstyle
268021614,checkstyle/checkstyle,1,checkstyle/checkstyle
268020145,checkstyle/checkstyle,1,checkstyle/checkstyle
268020113,checkstyle/checkstyle,1,checkstyle/checkstyle
268020007,checkstyle/checkstyle,1,checkstyle/checkstyle
268018921,checkstyle/checkstyle,1,checkstyle/checkstyle
268017291,checkstyle/checkstyle,1,checkstyle/checkstyle
268015993,checkstyle/checkstyle,0,checkstyle/checkstyle
268015965,checkstyle/checkstyle,0,checkstyle/checkstyle
268015774,checkstyle/checkstyle,0,checkstyle/checkstyle
268015652,checkstyle/checkstyle,0,checkstyle/checkstyle
268015543,checkstyle/checkstyle,0,checkstyle/checkstyle
268015413,checkstyle/checkstyle,0,checkstyle/checkstyle
268015336,checkstyle/checkstyle,0,checkstyle/checkstyle
268015251,checkstyle/checkstyle,0,checkstyle/checkstyle
268014785,checkstyle/checkstyle,0,checkstyle/checkstyle
268014706,checkstyle/checkstyle,0,checkstyle/checkstyle
268011738,checkstyle/checkstyle,0,checkstyle/checkstyle
268011729,checkstyle/checkstyle,1,checkstyle/checkstyle
268010285,checkstyle/checkstyle,1,checkstyle/checkstyle
268008239,checkstyle/checkstyle,1,checkstyle/checkstyle
268008081,checkstyle/checkstyle,1,checkstyle/checkstyle
268006823,checkstyle/checkstyle,1,checkstyle/checkstyle
268004266,checkstyle/checkstyle,0,checkstyle/checkstyle
268001333,checkstyle/checkstyle,0,checkstyle/checkstyle
268001193,checkstyle/checkstyle,1,checkstyle/checkstyle
267999469,checkstyle/checkstyle,0,checkstyle/checkstyle
267999419,checkstyle/checkstyle,1,checkstyle/checkstyle
267996815,checkstyle/checkstyle,1,checkstyle/checkstyle
267996615,checkstyle/checkstyle,1,checkstyle/checkstyle
267995848,checkstyle/checkstyle,1,checkstyle/checkstyle
267993809,checkstyle/checkstyle,1,checkstyle/checkstyle
267992161,checkstyle/checkstyle,1,checkstyle/checkstyle
267985568,checkstyle/checkstyle,1,checkstyle/checkstyle
267973645,checkstyle/checkstyle,1,checkstyle/checkstyle
267900509,checkstyle/checkstyle,1,checkstyle/checkstyle
267899981,checkstyle/checkstyle,1,checkstyle/checkstyle
267893220,checkstyle/checkstyle,1,checkstyle/checkstyle
267861500,checkstyle/checkstyle,1,checkstyle/checkstyle
267860874,checkstyle/checkstyle,1,checkstyle/checkstyle
267830596,checkstyle/checkstyle,1,checkstyle/checkstyle
267830393,checkstyle/checkstyle,1,checkstyle/checkstyle
267830343,checkstyle/checkstyle,1,checkstyle/checkstyle
267828311,checkstyle/checkstyle,1,checkstyle/checkstyle
267815299,checkstyle/checkstyle,1,checkstyle/checkstyle
267815145,checkstyle/checkstyle,1,checkstyle/checkstyle
267782336,checkstyle/checkstyle,1,checkstyle/checkstyle
267776642,checkstyle/checkstyle,1,checkstyle/checkstyle
267760882,checkstyle/checkstyle,1,checkstyle/checkstyle
267756846,checkstyle/checkstyle,1,checkstyle/checkstyle
267756368,checkstyle/checkstyle,1,checkstyle/checkstyle
267717145,checkstyle/checkstyle,1,checkstyle/checkstyle
267717156,checkstyle/checkstyle,1,checkstyle/checkstyle
267679203,checkstyle/checkstyle,1,checkstyle/checkstyle
267679167,checkstyle/checkstyle,1,checkstyle/checkstyle
267662997,checkstyle/checkstyle,1,checkstyle/checkstyle
267622542,checkstyle/checkstyle,1,checkstyle/checkstyle
267621924,checkstyle/checkstyle,1,checkstyle/checkstyle
267612461,checkstyle/checkstyle,1,checkstyle/checkstyle
267612465,checkstyle/checkstyle,1,checkstyle/checkstyle
267563489,checkstyle/checkstyle,1,checkstyle/checkstyle
267563309,checkstyle/checkstyle,1,checkstyle/checkstyle
267509877,checkstyle/checkstyle,1,checkstyle/checkstyle
267499559,checkstyle/checkstyle,1,checkstyle/checkstyle
267484703,checkstyle/checkstyle,1,checkstyle/checkstyle
267440017,checkstyle/checkstyle,1,checkstyle/checkstyle
267431881,checkstyle/checkstyle,1,checkstyle/checkstyle
267431761,checkstyle/checkstyle,1,checkstyle/checkstyle
267418995,checkstyle/checkstyle,1,checkstyle/checkstyle
267415048,checkstyle/checkstyle,1,checkstyle/checkstyle
267415411,checkstyle/checkstyle,1,checkstyle/checkstyle
267409894,checkstyle/checkstyle,1,checkstyle/checkstyle
267409274,checkstyle/checkstyle,1,checkstyle/checkstyle
267386905,checkstyle/checkstyle,1,checkstyle/checkstyle
267386737,checkstyle/checkstyle,1,checkstyle/checkstyle
267386607,checkstyle/checkstyle,1,checkstyle/checkstyle
267385926,checkstyle/checkstyle,1,checkstyle/checkstyle
267385818,checkstyle/checkstyle,1,checkstyle/checkstyle
267383507,checkstyle/checkstyle,0,checkstyle/checkstyle
267380466,checkstyle/checkstyle,0,checkstyle/checkstyle
267379604,checkstyle/checkstyle,0,checkstyle/checkstyle
267379172,checkstyle/checkstyle,1,checkstyle/checkstyle
267378998,checkstyle/checkstyle,1,checkstyle/checkstyle
267378798,checkstyle/checkstyle,1,checkstyle/checkstyle
267377875,checkstyle/checkstyle,1,checkstyle/checkstyle
267359961,checkstyle/checkstyle,1,checkstyle/checkstyle
267358584,checkstyle/checkstyle,1,checkstyle/checkstyle
267358458,checkstyle/checkstyle,1,checkstyle/checkstyle
267358120,checkstyle/checkstyle,1,checkstyle/checkstyle
267357620,checkstyle/checkstyle,1,checkstyle/checkstyle
267357408,checkstyle/checkstyle,1,checkstyle/checkstyle
267355627,checkstyle/checkstyle,1,checkstyle/checkstyle
267342396,checkstyle/checkstyle,1,checkstyle/checkstyle
267342001,checkstyle/checkstyle,1,checkstyle/checkstyle
267341040,checkstyle/checkstyle,1,checkstyle/checkstyle
267340982,checkstyle/checkstyle,1,checkstyle/checkstyle
267340874,checkstyle/checkstyle,1,checkstyle/checkstyle
267338512,checkstyle/checkstyle,1,checkstyle/checkstyle
267326317,checkstyle/checkstyle,1,checkstyle/checkstyle
267295637,checkstyle/checkstyle,1,checkstyle/checkstyle
267294586,checkstyle/checkstyle,1,checkstyle/checkstyle
267293815,checkstyle/checkstyle,1,checkstyle/checkstyle
267289019,checkstyle/checkstyle,1,checkstyle/checkstyle
218710091,ReactiveX/RxJava,1,ReactiveX/RxJava
195651786,ReactiveX/RxJava,1,ReactiveX/RxJava
195651769,ReactiveX/RxJava,1,ReactiveX/RxJava
195652031,ReactiveX/RxJava,1,ReactiveX/RxJava
195652063,ReactiveX/RxJava,1,ReactiveX/RxJava
195651908,ReactiveX/RxJava,1,ReactiveX/RxJava
195652016,ReactiveX/RxJava,1,ReactiveX/RxJava
195652078,ReactiveX/RxJava,1,ReactiveX/RxJava
195652205,ReactiveX/RxJava,1,ReactiveX/RxJava
195651901,ReactiveX/RxJava,1,ReactiveX/RxJava
195652138,ReactiveX/RxJava,1,ReactiveX/RxJava
195652292,ReactiveX/RxJava,1,ReactiveX/RxJava
195652134,ReactiveX/RxJava,1,ReactiveX/RxJava
195652163,ReactiveX/RxJava,1,ReactiveX/RxJava
195652088,ReactiveX/RxJava,1,ReactiveX/RxJava
195651967,ReactiveX/RxJava,1,ReactiveX/RxJava
195652037,ReactiveX/RxJava,1,ReactiveX/RxJava
195652208,ReactiveX/RxJava,1,ReactiveX/RxJava
195651993,ReactiveX/RxJava,1,ReactiveX/RxJava
195652091,ReactiveX/RxJava,1,ReactiveX/RxJava
195652156,ReactiveX/RxJava,1,ReactiveX/RxJava
195652187,ReactiveX/RxJava,1,ReactiveX/RxJava
195652336,ReactiveX/RxJava,1,ReactiveX/RxJava
195651874,ReactiveX/RxJava,1,ReactiveX/RxJava
195651910,ReactiveX/RxJava,1,ReactiveX/RxJava
195652209,ReactiveX/RxJava,1,ReactiveX/RxJava
195652041,ReactiveX/RxJava,1,ReactiveX/RxJava
195651880,ReactiveX/RxJava,1,ReactiveX/RxJava
195652820,ReactiveX/RxJava,1,ReactiveX/RxJava
195652580,ReactiveX/RxJava,1,ReactiveX/RxJava
195652411,ReactiveX/RxJava,1,ReactiveX/RxJava
195652564,ReactiveX/RxJava,1,ReactiveX/RxJava
195652563,ReactiveX/RxJava,1,ReactiveX/RxJava
195652847,ReactiveX/RxJava,1,ReactiveX/RxJava
195652424,ReactiveX/RxJava,1,ReactiveX/RxJava
195652609,ReactiveX/RxJava,1,ReactiveX/RxJava
195652636,ReactiveX/RxJava,1,ReactiveX/RxJava
195652685,ReactiveX/RxJava,1,ReactiveX/RxJava
195652476,ReactiveX/RxJava,1,ReactiveX/RxJava
195652406,ReactiveX/RxJava,1,ReactiveX/RxJava
195652397,ReactiveX/RxJava,1,ReactiveX/RxJava
195652794,ReactiveX/RxJava,1,ReactiveX/RxJava
195652833,ReactiveX/RxJava,1,ReactiveX/RxJava
195652872,ReactiveX/RxJava,1,ReactiveX/RxJava
195652630,ReactiveX/RxJava,1,ReactiveX/RxJava
195652799,ReactiveX/RxJava,1,ReactiveX/RxJava
195652720,ReactiveX/RxJava,1,ReactiveX/RxJava
195652574,ReactiveX/RxJava,1,ReactiveX/RxJava
195652675,ReactiveX/RxJava,1,ReactiveX/RxJava
195652451,ReactiveX/RxJava,1,ReactiveX/RxJava
195652444,ReactiveX/RxJava,1,ReactiveX/RxJava
195652823,ReactiveX/RxJava,1,ReactiveX/RxJava
195652573,ReactiveX/RxJava,1,ReactiveX/RxJava
195652642,ReactiveX/RxJava,1,ReactiveX/RxJava
195652539,ReactiveX/RxJava,1,ReactiveX/RxJava
195652445,ReactiveX/RxJava,1,ReactiveX/RxJava
195652747,ReactiveX/RxJava,1,ReactiveX/RxJava
195652719,ReactiveX/RxJava,1,ReactiveX/RxJava
195652569,ReactiveX/RxJava,1,ReactiveX/RxJava
195652672,ReactiveX/RxJava,1,ReactiveX/RxJava
195652462,ReactiveX/RxJava,1,ReactiveX/RxJava
195652749,ReactiveX/RxJava,1,ReactiveX/RxJava
195652724,ReactiveX/RxJava,1,ReactiveX/RxJava
195652700,ReactiveX/RxJava,1,ReactiveX/RxJava
195652637,ReactiveX/RxJava,1,ReactiveX/RxJava
195652866,ReactiveX/RxJava,1,ReactiveX/RxJava
195652889,ReactiveX/RxJava,1,ReactiveX/RxJava
195652413,ReactiveX/RxJava,1,ReactiveX/RxJava
195653337,ReactiveX/RxJava,1,ReactiveX/RxJava
195653170,ReactiveX/RxJava,1,ReactiveX/RxJava
195653365,ReactiveX/RxJava,1,ReactiveX/RxJava
195653339,ReactiveX/RxJava,1,ReactiveX/RxJava
195653374,ReactiveX/RxJava,1,ReactiveX/RxJava
195653403,ReactiveX/RxJava,1,ReactiveX/RxJava
195653287,ReactiveX/RxJava,1,ReactiveX/RxJava
195653269,ReactiveX/RxJava,1,ReactiveX/RxJava
195653070,ReactiveX/RxJava,1,ReactiveX/RxJava
195653052,ReactiveX/RxJava,1,ReactiveX/RxJava
195653379,ReactiveX/RxJava,1,ReactiveX/RxJava
195653074,ReactiveX/RxJava,1,ReactiveX/RxJava
195653073,ReactiveX/RxJava,1,ReactiveX/RxJava
195653253,ReactiveX/RxJava,1,ReactiveX/RxJava
195653242,ReactiveX/RxJava,1,ReactiveX/RxJava
195653319,ReactiveX/RxJava,1,ReactiveX/RxJava
195653149,ReactiveX/RxJava,1,ReactiveX/RxJava
195653193,ReactiveX/RxJava,1,ReactiveX/RxJava
195652991,ReactiveX/RxJava,1,ReactiveX/RxJava
195653018,ReactiveX/RxJava,1,ReactiveX/RxJava
195653112,ReactiveX/RxJava,1,ReactiveX/RxJava
195652932,ReactiveX/RxJava,1,ReactiveX/RxJava
195652969,ReactiveX/RxJava,1,ReactiveX/RxJava
195653068,ReactiveX/RxJava,1,ReactiveX/RxJava
195653709,ReactiveX/RxJava,1,ReactiveX/RxJava
195653949,ReactiveX/RxJava,1,ReactiveX/RxJava
195653692,ReactiveX/RxJava,1,ReactiveX/RxJava
195653494,ReactiveX/RxJava,1,ReactiveX/RxJava
195653917,ReactiveX/RxJava,1,ReactiveX/RxJava
195653885,ReactiveX/RxJava,1,ReactiveX/RxJava
195653839,ReactiveX/RxJava,1,ReactiveX/RxJava
195653473,ReactiveX/RxJava,1,ReactiveX/RxJava
195653474,ReactiveX/RxJava,1,ReactiveX/RxJava
195653830,ReactiveX/RxJava,1,ReactiveX/RxJava
195653785,ReactiveX/RxJava,1,ReactiveX/RxJava
195653766,ReactiveX/RxJava,1,ReactiveX/RxJava
195653514,ReactiveX/RxJava,1,ReactiveX/RxJava
195653738,ReactiveX/RxJava,1,ReactiveX/RxJava
195653723,ReactiveX/RxJava,1,ReactiveX/RxJava
195653827,ReactiveX/RxJava,1,ReactiveX/RxJava
195653876,ReactiveX/RxJava,1,ReactiveX/RxJava
195653789,ReactiveX/RxJava,1,ReactiveX/RxJava
195653931,ReactiveX/RxJava,1,ReactiveX/RxJava
195653731,ReactiveX/RxJava,1,ReactiveX/RxJava
195653667,ReactiveX/RxJava,1,ReactiveX/RxJava
195653727,ReactiveX/RxJava,1,ReactiveX/RxJava
195653739,ReactiveX/RxJava,1,ReactiveX/RxJava
195653777,ReactiveX/RxJava,1,ReactiveX/RxJava
195653928,ReactiveX/RxJava,1,ReactiveX/RxJava
195653787,ReactiveX/RxJava,1,ReactiveX/RxJava
195653921,ReactiveX/RxJava,1,ReactiveX/RxJava
195653774,ReactiveX/RxJava,1,ReactiveX/RxJava
195653467,ReactiveX/RxJava,1,ReactiveX/RxJava
195653702,ReactiveX/RxJava,1,ReactiveX/RxJava
195653581,ReactiveX/RxJava,1,ReactiveX/RxJava
195653784,ReactiveX/RxJava,1,ReactiveX/RxJava
195654521,ReactiveX/RxJava,1,ReactiveX/RxJava
195654691,ReactiveX/RxJava,1,ReactiveX/RxJava
195654296,ReactiveX/RxJava,1,ReactiveX/RxJava
195654572,ReactiveX/RxJava,1,ReactiveX/RxJava
195654523,ReactiveX/RxJava,1,ReactiveX/RxJava
195654471,ReactiveX/RxJava,1,ReactiveX/RxJava
195654275,ReactiveX/RxJava,1,ReactiveX/RxJava
195654430,ReactiveX/RxJava,1,ReactiveX/RxJava
195654688,ReactiveX/RxJava,1,ReactiveX/RxJava
195654648,ReactiveX/RxJava,1,ReactiveX/RxJava
205496193,mockito/mockito,1,mockito/mockito
205496189,mockito/mockito,1,mockito/mockito
205495762,mockito/mockito,1,mockito/mockito
205495759,mockito/mockito,1,mockito/mockito
205495757,mockito/mockito,1,mockito/mockito
205495753,mockito/mockito,1,mockito/mockito
205495752,mockito/mockito,1,mockito/mockito
205495750,mockito/mockito,1,mockito/mockito
205495749,mockito/mockito,1,mockito/mockito
205495747,mockito/mockito,1,mockito/mockito
205495744,mockito/mockito,1,mockito/mockito
205495746,mockito/mockito,1,mockito/mockito
205495743,mockito/mockito,1,mockito/mockito
205495740,mockito/mockito,1,mockito/mockito
204067066,mockito/mockito,1,mockito/mockito
202286508,mockito/mockito,1,mockito/mockito
201656291,mockito/mockito,1,mockito/mockito
201656285,mockito/mockito,1,mockito/mockito
201645126,mockito/mockito,1,mockito/mockito
201643170,mockito/mockito,1,mockito/mockito
201643168,mockito/mockito,1,mockito/mockito
201505771,mockito/mockito,1,mockito/mockito
200168764,mockito/mockito,1,mockito/mockito
200168756,mockito/mockito,1,mockito/mockito
199834678,mockito/mockito,1,mockito/mockito
199834613,mockito/mockito,1,mockito/mockito
199731122,mockito/mockito,1,mockito/mockito
199375561,mockito/mockito,1,mockito/mockito
199171180,mockito/mockito,1,mockito/mockito
199171158,mockito/mockito,1,mockito/mockito
199170551,mockito/mockito,1,mockito/mockito
199170549,mockito/mockito,1,mockito/mockito
198121233,mockito/mockito,1,mockito/mockito
196247463,mockito/mockito,1,mockito/mockito
196247462,mockito/mockito,1,mockito/mockito
196247455,mockito/mockito,1,mockito/mockito
196247454,mockito/mockito,1,mockito/mockito
196247451,mockito/mockito,1,mockito/mockito
196247450,mockito/mockito,1,mockito/mockito
196247447,mockito/mockito,1,mockito/mockito
196247444,mockito/mockito,1,mockito/mockito
196247443,mockito/mockito,1,mockito/mockito
196247442,mockito/mockito,1,mockito/mockito
196247484,mockito/mockito,1,mockito/mockito
196247918,mockito/mockito,1,mockito/mockito
196247801,mockito/mockito,1,mockito/mockito
196247775,mockito/mockito,1,mockito/mockito
196247618,mockito/mockito,1,mockito/mockito
196247791,mockito/mockito,1,mockito/mockito
196247546,mockito/mockito,1,mockito/mockito
196247863,mockito/mockito,1,mockito/mockito
196247899,mockito/mockito,1,mockito/mockito
196247701,mockito/mockito,1,mockito/mockito
196247929,mockito/mockito,1,mockito/mockito
196247725,mockito/mockito,1,mockito/mockito
196247772,mockito/mockito,1,mockito/mockito
196247840,mockito/mockito,1,mockito/mockito
196247764,mockito/mockito,1,mockito/mockito
196247920,mockito/mockito,1,mockito/mockito
196247862,mockito/mockito,1,mockito/mockito
196247661,mockito/mockito,1,mockito/mockito
196247574,mockito/mockito,1,mockito/mockito
196247635,mockito/mockito,1,mockito/mockito
196247946,mockito/mockito,1,mockito/mockito
196247561,mockito/mockito,1,mockito/mockito
196247935,mockito/mockito,1,mockito/mockito
196247707,mockito/mockito,1,mockito/mockito
196247664,mockito/mockito,1,mockito/mockito
196247888,mockito/mockito,1,mockito/mockito
196247887,mockito/mockito,1,mockito/mockito
196247776,mockito/mockito,1,mockito/mockito
196247579,mockito/mockito,1,mockito/mockito
196247674,mockito/mockito,1,mockito/mockito
196247814,mockito/mockito,1,mockito/mockito
196247513,mockito/mockito,1,mockito/mockito
196247954,mockito/mockito,1,mockito/mockito
196247812,mockito/mockito,1,mockito/mockito
196247982,mockito/mockito,1,mockito/mockito
196247519,mockito/mockito,1,mockito/mockito
196247932,mockito/mockito,1,mockito/mockito
196247576,mockito/mockito,1,mockito/mockito
196247630,mockito/mockito,1,mockito/mockito
196247826,mockito/mockito,1,mockito/mockito
196247769,mockito/mockito,1,mockito/mockito
196247945,mockito/mockito,1,mockito/mockito
196247649,mockito/mockito,1,mockito/mockito
196247804,mockito/mockito,1,mockito/mockito
196247708,mockito/mockito,1,mockito/mockito
196247511,mockito/mockito,1,mockito/mockito
196247878,mockito/mockito,1,mockito/mockito
196247844,mockito/mockito,1,mockito/mockito
196247591,mockito/mockito,1,mockito/mockito
196247778,mockito/mockito,1,mockito/mockito
196247633,mockito/mockito,1,mockito/mockito
196247570,mockito/mockito,1,mockito/mockito
196247765,mockito/mockito,1,mockito/mockito
196247839,mockito/mockito,1,mockito/mockito
196247491,mockito/mockito,1,mockito/mockito
196247534,mockito/mockito,1,mockito/mockito
196247889,mockito/mockito,1,mockito/mockito
196247975,mockito/mockito,1,mockito/mockito
196247757,mockito/mockito,1,mockito/mockito
196247711,mockito/mockito,1,mockito/mockito
196247727,mockito/mockito,1,mockito/mockito
196247599,mockito/mockito,1,mockito/mockito
196247740,mockito/mockito,1,mockito/mockito
196247774,mockito/mockito,1,mockito/mockito
196247659,mockito/mockito,1,mockito/mockito
196247756,mockito/mockito,1,mockito/mockito
196247787,mockito/mockito,1,mockito/mockito
196247553,mockito/mockito,1,mockito/mockito
196247956,mockito/mockito,1,mockito/mockito
196247855,mockito/mockito,1,mockito/mockito
196247952,mockito/mockito,1,mockito/mockito
224850975,FasterXML/jackson-databind,1,FasterXML/jackson-databind
224599537,FasterXML/jackson-databind,1,FasterXML/jackson-databind
224495095,FasterXML/jackson-databind,0,FasterXML/jackson-databind
224480367,FasterXML/jackson-databind,0,FasterXML/jackson-databind
224473805,FasterXML/jackson-databind,1,FasterXML/jackson-databind
224046521,FasterXML/jackson-databind,1,FasterXML/jackson-databind
223247316,FasterXML/jackson-databind,1,FasterXML/jackson-databind
222707583,FasterXML/jackson-databind,1,FasterXML/jackson-databind
222105847,FasterXML/jackson-databind,1,FasterXML/jackson-databind
222031235,FasterXML/jackson-databind,1,FasterXML/jackson-databind
221575723,FasterXML/jackson-databind,1,FasterXML/jackson-databind
221450321,FasterXML/jackson-databind,1,FasterXML/jackson-databind
220069313,FasterXML/jackson-databind,0,FasterXML/jackson-databind
220068492,FasterXML/jackson-databind,1,FasterXML/jackson-databind
220060259,FasterXML/jackson-databind,1,FasterXML/jackson-databind
217700509,FasterXML/jackson-databind,1,FasterXML/jackson-databind
217700459,FasterXML/jackson-databind,1,FasterXML/jackson-databind
217555101,FasterXML/jackson-databind,1,FasterXML/jackson-databind
217544401,FasterXML/jackson-databind,1,FasterXML/jackson-databind
216014615,FasterXML/jackson-databind,1,FasterXML/jackson-databind
215451463,FasterXML/jackson-databind,1,FasterXML/jackson-databind
214767212,FasterXML/jackson-databind,0,FasterXML/jackson-databind
214765926,FasterXML/jackson-databind,0,FasterXML/jackson-databind
214765859,FasterXML/jackson-databind,0,FasterXML/jackson-databind
214765334,FasterXML/jackson-databind,0,FasterXML/jackson-databind
214509193,FasterXML/jackson-databind,0,FasterXML/jackson-databind
214496637,FasterXML/jackson-databind,0,FasterXML/jackson-databind
214489461,FasterXML/jackson-databind,0,FasterXML/jackson-databind
214477126,FasterXML/jackson-databind,0,FasterXML/jackson-databind
214474419,FasterXML/jackson-databind,0,FasterXML/jackson-databind
214450151,FasterXML/jackson-databind,1,FasterXML/jackson-databind
214309859,FasterXML/jackson-databind,0,FasterXML/jackson-databind
214257709,FasterXML/jackson-databind,0,FasterXML/jackson-databind
214255667,FasterXML/jackson-databind,1,FasterXML/jackson-databind
214213179,FasterXML/jackson-databind,1,FasterXML/jackson-databind
213738883,FasterXML/jackson-databind,1,FasterXML/jackson-databind
211110584,FasterXML/jackson-databind,0,FasterXML/jackson-databind
211110563,FasterXML/jackson-databind,1,FasterXML/jackson-databind
211110290,FasterXML/jackson-databind,1,FasterXML/jackson-databind
211100159,FasterXML/jackson-databind,1,FasterXML/jackson-databind
211099974,FasterXML/jackson-databind,1,FasterXML/jackson-databind
211100354,FasterXML/jackson-databind,1,FasterXML/jackson-databind
211100266,FasterXML/jackson-databind,1,FasterXML/jackson-databind
211100327,FasterXML/jackson-databind,1,FasterXML/jackson-databind
211099911,FasterXML/jackson-databind,1,FasterXML/jackson-databind
211099916,FasterXML/jackson-databind,1,FasterXML/jackson-databind
211100270,FasterXML/jackson-databind,1,FasterXML/jackson-databind
211100236,FasterXML/jackson-databind,1,FasterXML/jackson-databind
211100092,FasterXML/jackson-databind,1,FasterXML/jackson-databind
211100315,FasterXML/jackson-databind,1,FasterXML/jackson-databind
211100145,FasterXML/jackson-databind,1,FasterXML/jackson-databind
211100054,FasterXML/jackson-databind,1,FasterXML/jackson-databind
211099989,FasterXML/jackson-databind,1,FasterXML/jackson-databind
211100329,FasterXML/jackson-databind,1,FasterXML/jackson-databind
211100136,FasterXML/jackson-databind,1,FasterXML/jackson-databind
211100147,FasterXML/jackson-databind,1,FasterXML/jackson-databind
211100164,FasterXML/jackson-databind,1,FasterXML/jackson-databind
211100287,FasterXML/jackson-databind,1,FasterXML/jackson-databind
211100009,FasterXML/jackson-databind,1,FasterXML/jackson-databind
211099961,FasterXML/jackson-databind,1,FasterXML/jackson-databind
211100309,FasterXML/jackson-databind,1,FasterXML/jackson-databind
211100126,FasterXML/jackson-databind,1,FasterXML/jackson-databind
211100087,FasterXML/jackson-databind,1,FasterXML/jackson-databind
211099889,FasterXML/jackson-databind,1,FasterXML/jackson-databind
211100294,FasterXML/jackson-databind,1,FasterXML/jackson-databind
211100207,FasterXML/jackson-databind,1,FasterXML/jackson-databind
211100228,FasterXML/jackson-databind,1,FasterXML/jackson-databind
211100024,FasterXML/jackson-databind,1,FasterXML/jackson-databind
211099928,FasterXML/jackson-databind,1,FasterXML/jackson-databind
211100383,FasterXML/jackson-databind,1,FasterXML/jackson-databind
211100089,FasterXML/jackson-databind,1,FasterXML/jackson-databind
243705878,apache/httpcomponents-core,1,apache/httpcomponents-core
243901513,apache/httpcomponents-core,1,apache/httpcomponents-core
243891741,apache/httpcomponents-core,1,apache/httpcomponents-core
243901359,apache/httpcomponents-core,1,apache/httpcomponents-core
243522027,apache/httpcomponents-core,1,apache/httpcomponents-core
244047638,apache/httpcomponents-core,1,apache/httpcomponents-core
256059236,apache/httpcomponents-core,1,apache/httpcomponents-core
256031070,apache/httpcomponents-core,1,apache/httpcomponents-core
255771564,apache/httpcomponents-core,1,apache/httpcomponents-core
255563713,apache/httpcomponents-core,1,apache/httpcomponents-core
255557461,apache/httpcomponents-core,1,apache/httpcomponents-core
254821657,apache/httpcomponents-core,1,apache/httpcomponents-core
254642111,apache/httpcomponents-core,1,apache/httpcomponents-core
254606056,apache/httpcomponents-core,1,apache/httpcomponents-core
254605289,apache/httpcomponents-core,1,apache/httpcomponents-core
254601570,apache/httpcomponents-core,1,apache/httpcomponents-core
254127780,apache/httpcomponents-core,1,apache/httpcomponents-core
254104940,apache/httpcomponents-core,1,apache/httpcomponents-core
254104271,apache/httpcomponents-core,1,apache/httpcomponents-core
254103560,apache/httpcomponents-core,1,apache/httpcomponents-core
252676645,apache/httpcomponents-core,1,apache/httpcomponents-core
252652515,apache/httpcomponents-core,1,apache/httpcomponents-core
252136683,apache/httpcomponents-core,1,apache/httpcomponents-core
248831048,apache/httpcomponents-core,1,apache/httpcomponents-core
248830400,apache/httpcomponents-core,1,apache/httpcomponents-core
248830167,apache/httpcomponents-core,1,apache/httpcomponents-core
248829884,apache/httpcomponents-core,1,apache/httpcomponents-core
248829432,apache/httpcomponents-core,1,apache/httpcomponents-core
248804816,apache/httpcomponents-core,1,apache/httpcomponents-core
248739509,apache/httpcomponents-core,1,apache/httpcomponents-core
248803003,apache/httpcomponents-core,1,apache/httpcomponents-core
248271433,apache/httpcomponents-core,1,apache/httpcomponents-core
248219107,apache/httpcomponents-core,1,apache/httpcomponents-core
248219100,apache/httpcomponents-core,1,apache/httpcomponents-core
247722196,apache/httpcomponents-core,1,apache/httpcomponents-core
243705167,apache/httpcomponents-core,1,apache/httpcomponents-core
243546192,apache/httpcomponents-core,1,apache/httpcomponents-core
243238647,apache/httpcomponents-core,1,apache/httpcomponents-core
243221542,apache/httpcomponents-core,1,apache/httpcomponents-core
243073994,apache/httpcomponents-core,1,apache/httpcomponents-core
243047193,apache/httpcomponents-core,1,apache/httpcomponents-core
242932699,apache/httpcomponents-core,1,apache/httpcomponents-core
241727244,apache/httpcomponents-core,1,apache/httpcomponents-core
241596721,apache/httpcomponents-core,1,apache/httpcomponents-core
241596680,apache/httpcomponents-core,1,apache/httpcomponents-core
241589884,apache/httpcomponents-core,1,apache/httpcomponents-core
241510587,apache/httpcomponents-core,1,apache/httpcomponents-core
241466356,apache/httpcomponents-core,1,apache/httpcomponents-core
241213535,apache/httpcomponents-core,1,apache/httpcomponents-core
239979765,apache/httpcomponents-core,1,apache/httpcomponents-core
239979759,apache/httpcomponents-core,1,apache/httpcomponents-core
239979737,apache/httpcomponents-core,1,apache/httpcomponents-core
239979609,apache/httpcomponents-core,1,apache/httpcomponents-core
239586441,apache/httpcomponents-core,1,apache/httpcomponents-core
236992947,apache/httpcomponents-core,1,apache/httpcomponents-core
228806365,apache/httpcomponents-core,1,apache/httpcomponents-core
228276110,apache/httpcomponents-core,1,apache/httpcomponents-core
228275517,apache/httpcomponents-core,1,apache/httpcomponents-core
227034987,apache/httpcomponents-core,1,apache/httpcomponents-core
227032459,apache/httpcomponents-core,1,apache/httpcomponents-core
226645497,apache/httpcomponents-core,1,apache/httpcomponents-core
226639789,apache/httpcomponents-core,1,apache/httpcomponents-core
226637287,apache/httpcomponents-core,1,apache/httpcomponents-core
226636651,apache/httpcomponents-core,1,apache/httpcomponents-core
224687754,apache/httpcomponents-core,1,apache/httpcomponents-core
223775211,apache/httpcomponents-core,1,apache/httpcomponents-core
223403719,apache/httpcomponents-core,1,apache/httpcomponents-core
222455079,apache/httpcomponents-core,1,apache/httpcomponents-core
221381402,apache/httpcomponents-core,1,apache/httpcomponents-core
